run,final_capital
0,3143.160859869717
1,1214.6478620750838
2,1144.5720238784452
3,5694.285576733831
4,5056.205499163446
5,10947.605611683462
6,12329.165170342387
7,38130.42792659692
8,1634.883113674589
9,13084.012017506217
10,1078.5390225008387
11,1451.6843032295442
12,2629.9338017951595
13,3335.5992798617526
14,12329.16517034238
15,1289.0140577123298
16,7222.1798343804885
17,12329.165170342401
18,1634.8831136745905
19,10947.60561168346
