run,final_capital
0,2059.1757063387536
1,586.7009247311559
2,1016.1908959234181
3,4513.269857212731
4,3566.5796962003506
5,7227.199431326434
6,12517.816072136171
7,47520.9362850684
8,634.5948777704324
9,23451.297851849817
10,542.4216096571075
11,1504.4378373228903
12,1390.8953590343717
13,8455.31162123948
14,17133.564520039014
15,939.4972434008938
16,9892.115928388885
17,4513.26985721273
18,1760.0857497042875
19,7817.174895108197
